Date,Market cap ($B),Revenue ($B),Earnings ($B),P/E ratio,P/S ratio,P/B ratio,Operating Margin (%),EPS ($),Shares Outstanding ($B),Cash on Hand ($B),Dividend Yield (%),Dividend (stock split adjusted) ($),Net assets ($B),Total assets ($B),Total debt ($B),Total liabilities ($B)
2005-01,55.351765103956026,19.12658029887282,3.504885812394787,14.67584862436762,2.1188306216229322,-32.15391659792559,18.34273998717333,1.5841817390743849,0.784578075166652,0.8462246273409781,1.9108507731963378,1.327319097510593,-1.8942123660487002,27.317320122483952,7.452221395519981,6.7665066965656155
2005-02,27.49533287925422,19.732659673753428,3.316456781838151,15.963153604979846,2.1886951848298657,-27.544162763461276,17.296041178319417,2.2724931095199277,0.8111250250296873,1.2009043936136472,1.975573689715583,0.8445303334728562,-2.2855703511843926,29.22940119011582,6.1227193685051144,8.84616112269332
2005-03,52.61604900530645,19.143921408192323,4.060691015057913,15.80074349647261,2.3424396788318296,-26.908170540378,20.032607485038024,2.336240121501433,0.7860682841760901,1.1160683957432724,2.0775038023049768,0.9797405115646352,-1.5162883153714608,26.93162536235585,6.304752428421387,12.63116014651764
2005-04,53.006563235987166,19.798676268200342,4.801436815240134,15.911537578169016,2.324525871880319,-25.683151309419724,20.00365999923853,2.3379511752837394,0.7864203847477824,0.6551955238907504,1.9626269874314883,1.4600769523326496,-2.6881966542294293,26.608596458689384,9.321714398920054,7.176551643122096
2005-05,49.71470197664844,19.106126622203966,3.699449861083613,17.15683007042224,2.2464464593073643,-25.879920182836955,17.48574129742879,2.4590051579605947,0.7323130436392336,0.7311367878767204,1.9863989458352314,1.1393766203590123,-4.840597710271483,27.345463556330255,6.910945559130239,13.435748852447109
2005-06,37.20890875547568,19.493104986548474,4.369815311068789,16.270979622583084,2.2355364463012206,-21.247924318024594,18.34930944395956,2.0466565515868638,0.8074602346958415,1.1739184544190158,1.7206569966814136,0.7374518912899801,-1.5075609593175126,24.29044710841039,9.427299720879084,8.073145538579706
2005-07,53.84242777600477,19.715433320400876,4.242724131954034,16.709290311832934,2.5574319765163054,-26.399621517687894,20.91044509946662,2.558737680985736,0.8401283486719,0.9548461358376232,2.042731144133772,1.537274875714834,-0.1686678903641161,27.726429245220903,7.9548818004726645,6.213545492235871
2005-08,51.85065238451061,19.37774540320252,3.7976113668613234,17.477195526297848,1.7413524281269201,-22.360707324297177,19.69307907762479,2.1356274732626273,0.7465421935615543,0.7856098084698352,1.9054217644886473,1.032419103025384,-1.406709898820941,26.028159922051433,5.227396191241656,9.82512401788913
2005-09,54.37926109953031,19.1796447865083,3.9819701950904394,17.9279516914603,2.501677675684909,-27.250437992926553,21.053917251610677,3.05850306595812,0.7899895792547309,0.667581931548392,2.0797467641020577,1.11547295916072,0.13745818851979963,26.192301175767593,3.540121565009532,11.52032664593471
2005-10,58.67102063157818,18.5408346316056,4.744416159582997,15.734536600275325,2.102937641549443,-22.16619886973996,19.81877501247921,2.0290185477286276,0.8400105649064191,0.6178605430135773,1.7929073828449462,1.657307262478869,-0.9148640507084519,28.044216937153973,7.906740003005287,11.109221835591914
2005-11,40.84890529295682,19.215036370107804,4.409694709196839,15.991098614686994,2.4681990845639845,-27.91578043394174,21.441352165960417,2.501846799257263,0.8256714378093828,1.2473774016220474,2.122987143486682,0.9208314126584384,-2.0969080207535282,28.133407032174972,7.110306329624516,12.019183852762293
2005-12,38.5204311832753,19.2662616057325,4.372162446173424,17.158454364663605,1.9400555629544953,-29.46333098449093,19.316092562275983,2.3999431753055895,0.8514399313422717,0.8959352344279349,1.9605728026961704,1.246168048910921,-2.0855865936320033,23.666726120425135,9.876612119014009,9.777648806310609
2006-01,59.908423709487295,20.00308132012018,4.135562726477929,16.81013614196645,1.6441748070794089,-24.594465083444316,20.385057030252852,2.337758396146616,0.7636053678634731,1.0507750342088296,1.8990271250112303,0.84122826178141,-0.18776108940646274,27.129085665544665,9.274597738083424,11.153075458196962
2006-02,46.44672985494905,18.829665217425607,4.37995023492583,16.1202835143334,2.382175904593374,-25.715972859679166,17.65814864527439,2.578830746202454,0.766695074139947,0.8901960486212513,2.003267680791401,1.5465906009327264,-1.8931600025176436,27.44349073320791,4.40809453028597,10.575984497614272
2006-03,53.464264084531536,19.254086248425285,4.055777794651981,16.74450246093709,1.641999996020619,-23.562981329436496,20.84492954524323,2.229217424944223,0.8361888733780669,0.9133276617293408,2.0335518674145194,1.4084586709170615,-1.0513300303194109,25.717765746367917,9.999544179944019,13.416405824682059
2006-04,42.32601756526143,20.2395336925908,3.972020680491001,16.546627187779624,2.104301187086422,-25.152251741851586,19.881146542630262,3.31973314982415,0.7977487320661931,1.508574270899341,1.8974117438888034,1.0281815614181604,-2.1234907188859085,27.1839990925268,10.950263726734805,14.818797425984135
2006-05,57.85759095140833,20.753327940526706,4.283250696684477,15.974773712612002,2.428262938086581,-22.58144866605184,21.78137541432199,2.181287622737533,0.805521566141668,1.1358543581108096,1.8281588379568086,0.9360668460944452,-2.041572871898057,28.215050716573597,9.754005111407333,16.389049898892946
2006-06,49.39267921298014,18.78379415549359,4.115323862648541,16.334017276421584,2.6701342114895485,-28.084666691637857,19.100329551927803,2.968505333292688,0.8358889529731124,1.0957360225044732,1.8555030978998845,1.2065235095687985,-2.349612584983428,25.158423814771226,10.70006480534911,16.307841085086334
2006-07,48.738717797562686,19.109227931129897,4.479068920677279,16.460056707809482,2.30391960558374,-28.071832221371846,19.281138120540405,2.7582260120338855,0.8225805730946668,0.7281685431391939,2.1235884810609904,1.5580302519490883,-0.11020828031829055,26.391241698680275,7.264755387350909,11.692772166595995
2006-08,60.62904044782761,19.20598065193816,3.90597261240962,17.18611940237779,2.553700027476716,-18.39956650019744,20.21079824329465,2.303284293198228,0.7655952500207682,0.8812563418462231,1.8653978385208194,1.1368345032268197,-2.760587305929705,28.720665552692406,11.416141844664637,12.089339163805402
2006-09,50.50067364413069,18.831349814111448,4.622842523513506,16.70447104146056,2.304905534949947,-21.75727334462092,18.358199255826364,3.0201949852112664,0.8587754174453935,0.5583478246822622,1.9325989718644738,1.001953150134502,1.0282995628723968,27.13150183627135,9.974856318746793,10.689924112896493
2006-10,52.36883831384345,19.54757787382334,4.339795133475956,17.30559600253232,1.891003216406844,-24.194211571596178,17.406060317157863,2.769138744117212,0.8297251181425603,0.618537798629326,2.1031148250766583,1.5405521328410003,-1.966371772168866,26.840944268596292,13.399595516978483,8.982606667921043
2006-11,48.885012803003775,19.79344743553812,3.8975432673093557,17.307008476104386,2.7179853430943615,-27.784897493437043,21.333555085528083,2.553784976596558,0.8491386916879806,0.8591112798114914,1.9554469419588192,1.0552382994765808,1.2737959258621387,30.779249326347347,10.236625295169508,15.372887604621129
2006-12,43.373196887654956,20.744613244956795,4.834545662191686,18.43464210819002,2.2330304073246263,-29.30055922338605,19.68655476946868,2.9546194057939337,0.837719146253283,1.148534146082628,1.9599401868203303,1.7645036601979038,0.14935017026275454,29.083497534509753,14.137949429640637,18.43072606472272
2007-01,59.67275832064476,20.09012088673664,4.617558362757395,17.19699308094792,2.192716051508994,-18.828168985968446,20.42887403477899,3.1388760382091068,0.8736566116029337,0.5880532008003668,2.0954914383602254,1.2724159172606133,1.9384411717926995,28.780367488359452,8.430212182906201,13.62161196109024
2007-02,57.396702820386814,20.068069166187637,4.183224624312194,17.025109918452824,2.2559403057805474,-28.107895776075672,20.52199026097532,2.622404822295077,0.8168402636340579,1.1140146040444239,1.9311613491213877,1.4353155293280306,3.6342529589520014,27.373983759340746,8.726546727954952,17.159788629160467
2007-03,49.132327610174315,19.646516702728096,4.187286137735628,17.096744785902263,3.241405622803223,-18.948756469263365,22.57594409918857,2.7844376732245584,0.8782766080176694,0.9379253109530372,2.0588694580029463,1.4042493221191525,2.065623127387612,29.054867959533674,9.090231867173106,8.890225443727067
2007-04,56.56400496677466,20.026491826028554,4.514411559522204,16.97491048204661,2.4871275520280993,-23.605895345717556,21.379327641756582,3.64108537798007,0.8470199076245553,1.173632609754399,2.0800221955230067,1.2234032372154133,0.3866784981987268,28.938502603611493,8.032424551833696,16.064777130468055
2007-05,73.38495476483183,19.83308696005071,4.314171919919295,17.395502564356324,2.936245611432815,-20.088923838965975,20.085403618338052,2.1230081204887186,0.8260672007405235,1.357664172683115,2.118583284139328,1.09356720637497,-0.06305598984663831,28.626347811670986,9.28216231916683,12.432444461433185
2007-06,48.736229842156085,20.85038987568959,4.91586699554946,17.40855325403913,2.0584428059546687,-27.41587111797434,20.493832746160518,3.4204041926444835,0.9024783424533834,1.362162697914496,2.015441231926531,1.3452060871081708,-1.478474409446157,28.086305283990345,8.31072508100546,17.652464530604533
2007-07,63.22004600563646,19.72840997801898,4.2603847299782505,16.692301516561617,2.7638516699326674,-19.14500125381344,20.011625534373536,2.6586476744655627,0.8565083863841843,0.9355315442470348,2.184690305030497,2.4383923633861144,0.05257584133606371,28.028965833335985,9.797537862542157,18.963042305259183
2007-08,66.57448679071726,20.099006005544418,4.422020044730298,17.419630885728065,2.441534971033573,-18.899277464534528,22.49087831205169,2.717772663179267,0.8495760235904437,1.0485949231155296,2.007090467210253,1.1953246916640203,0.12644914785334843,28.77251062567833,8.835672177904558,16.409545987841067
2007-09,50.9684097083996,20.66786591869153,4.516492390218911,17.824179732667723,2.4570803522857276,-20.822287270833645,21.824258005928098,2.759855110020152,0.8680380831263509,0.809998329916636,2.0249078170554213,0.9798250555111967,-0.10637967172419233,27.897842781888553,12.29478505366768,19.045668678415424
2007-10,60.09026463758391,20.566052211670414,4.331920684035288,18.645385153107014,2.8164220996223372,-20.70573319205357,21.611024750397917,2.4867438005932057,0.9389801682347563,1.3418653143785446,1.9404353196454296,1.5827082400068968,-1.1707240824804506,28.921789648450375,8.07525912665937,15.097904103644984
2007-11,53.48515030711302,20.67289394622876,4.298975273259872,18.11537495126798,2.0626094030939237,-23.520272465791134,21.659613406377375,2.767222286967316,0.8375963601615934,0.820493510109378,2.1143047018071783,1.614619611758637,0.10808554330313885,29.333462799416946,9.481068018422867,20.598571802604184
2007-12,61.86709318847908,20.975534716261027,4.645976950158434,17.95112615793547,2.921137427262803,-25.12308664379464,19.122192030030963,3.0859762555711496,0.8822250358554375,1.2296259648680297,1.7793415100791345,1.66736093244263,-1.5196393059588118,28.26773026014591,14.726950455739175,14.043155209796842
2008-01,49.31015633277593,19.400708475910356,4.951373162257842,17.293630724797598,2.9239555157500106,-18.886638830158358,20.931445815011806,2.925022761604336,0.845624847609107,0.988848878649222,2.05452240353816,1.5477983527022,0.6286590320164178,31.45572409507493,10.156687146293736,16.82658601936303
2008-02,57.8038371795041,20.562072171197556,4.618110041096025,17.63026195629573,3.4229447280127783,-22.960236418345918,21.031181683467032,3.2694751212678366,0.8085965909369539,0.7754215543073809,2.099582146343914,1.3999823843641672,0.4252693378796776,28.069916840002357,9.917006585779767,16.65446488748044
2008-03,62.05496317957546,20.300720327446644,3.9163899700168776,19.098513942659512,2.709384887070766,-18.643786514311735,21.47301233173933,2.666073191278282,0.874122687652266,0.9649777835835656,2.1543716246644267,1.8487135733395723,-1.302986234251192,27.717952960210724,8.27515054408345,16.476480915621853
2008-04,59.75151885305785,20.15712690489867,5.12407549697546,17.101604724547702,2.5613450563241282,-19.888396864793407,20.39681013256197,3.6513198763025296,0.871998231001821,0.78698908076206,2.1466835605798873,1.5190789905928874,1.1925301003822668,31.057217998876943,10.408284156973131,18.540535116552885
2008-05,51.439880024642825,20.424081257242968,4.278630351085671,18.601350728976854,2.9633285704455368,-22.221769106908233,20.748284791662517,3.1074236634770473,0.8543680007084186,1.2867582866737675,2.1648134046666283,1.4816487533155933,3.383287032863312,29.868955706853455,11.021936533677197,20.263412850568933
2008-06,78.95348405334468,19.982025617699506,4.313158007506014,17.33406108366978,2.404221611148318,-18.608657258067982,23.153302479395123,2.6696740679689035,0.8714272128560433,1.3359921555433691,2.0690568616657585,1.4964946948991285,1.5031689284685221,29.911869683440756,10.919006364928364,17.911085916132677
2008-07,59.20904873880297,21.408905007681692,5.141723129128768,18.854563674400776,2.850816757220921,-25.873155743341457,21.323986837568267,2.874801120972028,0.8605874924239569,1.3769172393399172,2.1160986817246386,1.564422727219687,2.429696138127544,29.28881062695374,13.110603278416004,17.07047909644483
2008-08,57.42169631562086,20.132454094085535,4.947254224271071,18.072349606777497,3.2007730586559,-22.369152045204572,22.425128197238568,2.7419772866584817,0.861227146581148,1.3757821043451137,2.180614009311349,1.6749314830297677,0.32212709044307,32.468107193377655,15.911374794656414,23.53511982165599
2008-09,55.48437270910543,20.109446360426865,5.112449381075407,18.232317041098035,3.018220666758576,-20.385631188387297,22.37135792620381,3.1874873541464153,0.8953318761722044,1.515444269985263,2.150112502863569,2.573537165365165,-0.4451128600244574,28.460772253887104,16.6839717217554,16.383311249477817
2008-10,72.21730919742704,20.36567028956049,4.450132362592154,18.96782005125618,3.222084659228164,-18.178937140787305,22.54295745440161,4.06790319374651,0.8559797078055218,0.9199733178585185,2.0888493253823786,1.5365548594858347,-0.4457030833174571,30.84534298033403,6.49531327644038,21.621903286911987
2008-11,59.61970186002486,20.46769995923829,4.973987874916615,18.14423282489341,2.6499596622137633,-19.121305265980865,20.911854445721765,2.792795218698217,0.8484518429911321,1.377219352501018,2.2114126925291226,1.5301754484662704,-0.21255571153070374,28.3864063243088,14.52245924954536,12.239021366300928
2008-12,55.608631192940365,21.258921391328034,4.470205291906307,16.85849191900619,2.926754598767918,-14.95131378903886,22.142960941288216,3.326225839813834,0.8721659786515864,1.4834324330738844,2.039153023814282,1.7203935875933989,3.380755630174855,30.591713045914315,10.008079706294518,14.522634291468039
2009-01,66.66681382337552,20.382090113035726,4.425717623916106,18.932769288437438,3.111391343760032,-18.514642250262554,23.197662055205,3.0618571655189815,0.8392938507188267,1.7063234647392633,1.9836009679866973,1.8088752387959974,-0.23319988395872615,31.25184224172927,11.53769855239192,17.806251706379925
2009-02,70.42700735693225,21.322422931909784,4.485891354932446,17.294004142768923,2.9573128375702393,-15.499940798049463,19.221357955520034,3.016340503990705,0.8906945369915136,1.2819135272581466,2.0502331094058146,1.3290537033059673,0.47775387574356354,29.424544295427527,13.640095921984267,16.658964188706676
2009-03,66.49424067296509,20.909649510064806,5.197970228767145,18.80921965177273,2.6854398526899077,-22.076095829961066,22.193019820940055,3.6456525835989186,0.8564129575209308,1.0169973474620664,2.045473590824196,2.0852422314103842,-0.13917288462948085,29.56758116852748,10.15717079236429,16.561264440258178
2009-04,53.461557226418876,20.201460022998866,5.205391449607032,18.371959428511115,2.543737723406239,-19.08207529859197,24.423795726470114,3.3967734851609004,0.885782820444554,1.2309115106921484,2.1339469981594563,1.720848001721109,1.237531818629101,31.12995855590835,15.311308804694988,19.542593795178796
2009-05,66.95096782532029,21.029030151189822,5.009533009464007,18.444849677974386,2.955270631751775,-17.036731065853722,21.126111183959214,3.61308966679422,0.910258491960309,1.4495780900345727,2.1112951846397645,1.8368908214494386,4.058414431561377,29.956309342262543,12.476925247979162,17.782225407733463
2009-06,75.82264891054558,20.093959539926352,5.417426332788043,18.811240059644856,3.017234417795977,-21.019880028761094,21.02716654358572,3.3567958261203055,0.8635154735341178,1.69070527418556,2.036161619240481,2.1945241618628244,2.248845280504693,30.979684529882988,15.210729295731536,18.810133548444156
2009-07,77.15626011773358,20.92867059658667,4.948582355475409,19.294099630020348,2.8177860527893723,-17.94996744633102,25.027828803474026,3.6251635345079407,0.8443083740112055,1.3343804719083114,2.2182637623588253,2.020500207084472,1.6133054874529664,29.03640113981485,10.385843806630906,14.820704489723951
2009-08,76.77621453211503,19.553278558480613,4.894919156856039,19.902599840183157,2.6074905232777743,-16.320322259485323,22.28430824957482,4.133661079397642,0.8916680721762937,1.175813797476025,2.197474042003374,1.8748650425143398,0.9803673136653879,29.619606292582148,13.205701874164046,17.972684426936333
2009-09,69.59054265767259,21.27099577237378,5.599409775836942,19.96245578546448,2.8883979708860252,-17.749406711714162,20.701079949766104,3.422714522146414,0.9050636395367837,1.5570790933540681,2.317521373729938,1.2155537180538634,1.0189807386574348,28.924294676760287,13.78456727062701,17.26675003881194
2009-10,71.1408962297749,21.22019870157786,5.351148104114591,19.506028224249636,2.2436931820166475,-19.86173117611577,22.13028318312278,2.864099103586708,0.8999737179640208,1.5015844807138323,2.1390082633563834,2.062951127633981,3.8392171998544082,29.239825625883046,13.050678945413525,16.630285261876022
2009-11,69.59650089558252,21.54095881464397,5.02467312110463,18.033360272069313,2.742053813477118,-10.753577139378464,23.11999569106156,3.7710656853402162,0.8880211325596302,1.0133063987166349,2.2440685591826965,1.8174964661377062,4.813841714370795,29.100118138852896,11.653358995451432,19.067447554263747
2009-12,67.16959148394895,20.24076927193303,4.680349415350694,19.028683705694178,3.216505990367434,-12.934205624371913,21.898683518228722,4.170235027259551,0.9080122359794092,1.482981334331528,2.2570791128457968,1.5773333680170112,3.0138978165305015,30.873012445587857,14.858349858278388,21.917829508855206
2010-01,76.07322611842596,20.27379134190867,5.8154442762393845,18.179050942783878,3.0742975868942386,-20.64318516087434,22.427237812824266,3.21686170354696,0.9279704035228709,1.66313093787643,2.151278858727718,1.7704026388070948,2.6788883185552703,31.798322349768384,13.696420850995986,22.928830882243993
2010-02,55.3583598373212,21.130272035137445,5.656741355390221,18.54801151802945,3.829682766525536,-19.395739768239682,23.768891318671017,4.054691944700949,0.9483518813635469,1.8220197066502215,2.2412521625911275,1.4481009087497896,2.394174002651953,30.22200376553339,15.930542545571683,22.763870183424046
2010-03,55.317415177413096,21.046282752765514,5.356358532038285,19.82041202169071,2.9998204367893218,-17.41690346286098,24.04219115269757,2.9623046892258076,0.90048726018555,1.5501725107162623,2.3138430389487503,2.2303795850801635,3.292115986898661,30.478581654201236,14.382853575687916,21.733903623894346
2010-04,75.71561377706396,21.439673478370448,5.345083492606417,19.715955056423454,3.208460686400644,-13.527117350183131,22.62479534984479,3.271889846083074,0.9119740014959666,1.339628638533933,2.221349640642619,1.9486516061529453,2.150036691717861,27.94722663866596,14.207755507214012,18.417124430953926
2010-05,71.12516871702078,21.49144906020563,4.7869049673084225,19.011954878339786,3.051971695471531,-20.0374594354677,23.82064579679806,4.031730576384254,0.8686652880333477,1.8290444175102831,2.308495496349114,2.1028169524060822,-1.6308962143720267,29.316189026184617,15.07329860046068,19.22093345591932
2010-06,66.56373032147343,20.785755753393694,5.6088625036460265,20.716429981114526,2.5444198117066046,-13.563523080216882,22.142143004930862,4.0623665127526,0.9035195926085893,1.4807482620527377,2.148567685080169,2.126910275003578,-0.5375787393134233,31.61649277355846,15.861968036295488,18.866106518942825
2010-07,70.53075031261011,21.58310239980924,5.430285464667692,18.435868168215826,3.2394913210828036,-16.885810457870985,23.87323801446672,3.4655263049046487,0.8321530864019248,1.5162804384955588,2.2189532611536613,2.1551425456731748,4.263002355197891,33.675243012878326,17.322091134744102,22.64189998797292
2010-08,86.2024206509723,21.344212721106857,4.767045647382525,19.812186629017212,2.6539852370264434,-19.5972404399487,22.992461488913925,3.7690436296081935,0.9400789773390342,2.0017083418771144,2.328840263591067,2.1662091993307993,1.204364322769721,32.288595090450706,15.28724680910403,23.006321925334003
2010-09,82.9927164689528,22.132824899365808,4.89739405045371,19.60353147636461,3.657022220168515,-16.47956260357596,21.052168132736792,3.726243045436536,0.8907411692147117,1.8243186306348702,2.2449506079465986,2.159883943611251,5.674771679691221,30.817531546724766,13.90794066134021,23.89097827617067
2010-10,71.36831621947137,21.144397804138404,5.217160266105772,19.921452498452762,3.2953112477489563,-16.153079527819198,24.197351250186806,3.7270202616617487,0.9093422820134195,1.5479231939261395,2.3101096591214585,2.131728063635376,1.560501104989628,28.955559692261783,14.725593627339233,18.555115040027104
2010-11,73.27464544443843,20.726258582034504,5.19978113404497,18.927420467727227,2.1978459346053594,-17.422821698844693,23.5729623621163,3.2337345206841746,0.9070330276687567,1.8242668443368235,2.4319170863858264,2.3044830954889948,3.524021651752414,32.10839529742152,17.755707986300685,21.26602946140222
2010-12,80.11660979471296,21.274731517862946,5.3905387330787695,20.29947583142879,2.7403050278955545,-13.466393022347427,22.61539030596831,3.9205620732460207,0.8803646596138145,1.5001310932233833,2.157626600307662,2.1841969970304667,3.190494865205823,31.752538693778895,16.55513969761802,28.177980109066297
2011-01,75.83298724354852,21.176392895252707,5.185664849833919,20.110989613372798,3.009589282346975,-19.182893175927404,22.893406544498976,3.6848373014666613,0.9110870449991324,2.340124217918511,2.3140855501045032,2.4744405445390814,2.9183496343067192,31.42991359545029,16.816302190207395,22.377289126708177
2011-02,96.49604966486872,21.61002968386997,5.900732634626206,19.847181561446945,3.3111081208255597,-14.780202115017941,24.349993389616973,3.6126627492654464,0.9220621027931944,1.7901406995632745,2.2477328103659446,2.2828111297114826,4.433404069008255,32.98901546647484,17.857607482321065,25.19305428063777
2011-03,89.3304614015939,21.776618150176038,5.312675983025445,18.898977092806224,3.367002092914472,-11.283875117239639,22.42205438156943,3.993442255146155,0.9092785302545747,2.1020438392441405,2.365654693897003,1.7679697443367293,3.9591788998004795,31.56059610010348,14.360749274391804,19.376353585160505
2011-04,81.39145069494978,21.738148179329738,5.808724179432703,21.319903953042097,3.4604733285515916,-15.161359822914381,23.029209975678814,4.656696748037083,0.8824241257919827,1.7455095587964626,2.300202115410989,2.0866455449745587,3.2093387434145355,32.41571928610752,13.549719690144943,18.88543380748132
2011-05,71.76807037681606,21.820574879251527,5.9671569014915455,21.193370791530988,3.5422198134495524,-9.795771333890091,21.77985226962285,4.311773846832391,0.9161006650823625,1.7900269396099926,2.2855469336986682,2.6327089490013664,2.0989935151541443,31.597165249772395,14.624793075560726,24.37045973902804
2011-06,88.85974622731773,21.855102894606983,5.4910972129823925,19.65222096039239,3.858708471710429,-11.971187293639488,21.74172524884209,3.6089526961635334,0.910858010740818,2.0622741418237087,2.288897476197382,2.2290119118150784,5.411539631243045,31.47985306729258,15.433097452406798,20.5967384465314
2011-07,65.2205701737352,22.9841632741973,4.9188663044017,19.27318546580055,3.2187617178707413,-15.78408768261806,21.556724170706456,3.6670512145847853,0.8767170175343076,1.8539852149087388,2.4686715816400415,2.4688023186142707,5.585444602741291,32.78976771457124,14.836299796382674,22.707279096826525
2011-08,73.88772367093416,21.534164764224087,5.413439508877457,19.968097110306804,3.205914145064176,-17.146920712175387,23.55542916430963,4.518059951457536,0.9859523445310162,2.112044712076065,2.301211256982633,2.5102711336954817,2.0797325609946755,32.36840393005861,16.855776259228243,19.672247092838184
2011-09,75.37666421206497,21.3241726203619,5.639074250783668,20.382212948449332,3.662798188583067,-14.720116890367454,24.913692279764295,3.352136280053159,0.9384365863814504,1.7595883364964382,2.459685759333959,2.2917098936359763,4.90463496735412,33.302537457614534,14.282801500358705,20.508903522967813
2011-10,70.59630599696888,20.933820526920645,5.9106745470165745,19.295307268190854,3.1408309609068956,-14.607403885899828,25.055893400656586,4.353490327987759,0.9043581972001147,1.6087824344613733,2.1958525457430955,1.665774233291503,5.5295514311181275,28.815366272862235,16.88870977327494,20.72837370959595
2011-11,81.27817086559358,21.76648785181678,5.408235179676344,19.9708021627572,3.7213549588313573,-17.23362279729381,24.422169770969678,4.248475610733761,0.9646905587436277,1.8208027927075896,2.2046775516499624,2.2808072825222436,3.3853500640518317,32.30215456360821,17.181068451133,25.4354033075142
2011-12,71.70695063947883,22.148155347315846,5.648582037287097,19.25521870426174,3.2837401681445035,-15.258480570348922,22.863806580208134,4.104960798015485,0.8983438493135029,1.9162211690034403,2.334524914206711,2.6065372548894543,4.2935451747632545,35.701722354661506,15.582193688138041,21.19626221981874
2012-01,82.6222224840908,21.755464319868715,4.722660075960273,20.890295984139087,3.554424071777983,-5.672149438528246,25.7194647793709,3.7018545551600313,0.949645784490793,2.039711734907972,2.226614033751346,2.612327275259099,7.079210267288374,33.02934871567737,17.673996185448285,26.374482578363825
2012-02,76.98101310127804,21.410143032506788,6.11260400204392,19.596873355296047,3.0130210812914653,-11.709359506435062,23.818480323449872,3.7138856685048856,0.9810824406700778,1.8997661101076027,2.267535518208231,2.417850962937697,4.206937064169513,32.95816449124372,18.45801900844648,18.05671733395913
2012-03,90.26523962291853,21.508630056902437,6.022745803454341,20.162844156802883,3.1709133244496783,-19.201032539660055,23.8745170475609,3.783647955101255,0.9455647765667307,1.7484422112972373,2.315558231319926,2.1427093891172597,4.358172537009486,33.23810355932418,18.65188899388367,29.82618927525578
2012-04,79.04925569489086,22.289240737884768,5.9633239588603475,19.78866721759089,3.5062089292726837,-19.08800080158121,25.546716350122182,4.356365599309155,0.9505178544775722,2.0823679835329925,2.3304099035026318,2.4665856519394924,5.328649252679492,33.70333940987648,14.650314730009331,24.669681607701325
2012-05,72.63416020938752,21.65636011115961,5.811400346072352,20.148742397553377,3.0923977107637146,-12.09913531112208,26.5967137727415,4.498430943311728,0.9592241260804506,1.8055319365987974,2.194111402838828,2.7520912937043542,2.4640065452017494,34.06252444698151,19.04374894689684,21.657774140775146
2012-06,83.99853242781376,21.242967431984955,6.419271386175515,20.4478330427165,3.9860654635250756,-9.125876182951295,23.808063354923053,3.603635925742055,0.9555183510588048,2.3262678365755654,2.273477437531684,2.2436468783138377,6.383633682277256,33.735013507958634,18.44041236957696,23.469698703193068
2012-07,85.91254067824009,22.31014777633623,6.169587111852706,19.696286366896878,3.547472647085889,-13.201363964798965,22.753758709482497,4.399580197685067,0.9327001300884219,1.7633439065143408,2.4100582388552025,2.4578575975088897,5.502082350183414,32.41955914239846,18.99942590940644,21.83584520313873
2012-08,78.0084991338365,21.886926890169914,6.023864231557921,19.77044079722479,3.8104140337826635,-13.160089986039358,24.336502478338296,4.2401838712241995,0.9388500894192539,2.090918292022028,2.455563463697994,2.1772252935042355,2.718888648824864,33.86818653985713,18.633483010188485,23.435068458221153
2012-09,69.7261631032414,21.16511486583728,5.918561464155296,20.59491582999914,3.3749959456137955,-8.503833705988333,26.898936025564964,4.308118652333293,0.9415031757681305,1.9160624592601565,2.2204066947660537,2.5988217371772917,4.372984845841278,35.28874079784987,17.85942465940574,25.483345435707765
2012-10,77.48632458124293,21.60591090268486,5.374605103279769,21.69660987045831,3.0157050417130598,-13.86944005335652,26.187335927889816,3.152624175883946,0.9423506924171292,2.3864397480716146,2.457806100353218,2.0649475312387797,3.4200057625611544,33.09395625820973,19.97271415393918,21.6518171232044
2012-11,92.0746196979835,22.250453719548002,5.357531466915962,19.760910174256882,3.7039792798496434,-13.924273687169148,26.448806093414166,4.326499856729907,0.936067114354752,2.0411314183637583,2.3971687444560628,2.4279707446778054,5.118976364398605,33.80304387849559,21.954376329551913,22.730947168905104
2012-12,90.04324834031266,21.579373890575337,5.720506932441786,21.694739750399155,3.626985878632836,-10.994654424630129,25.31853629095872,4.747725639873044,0.9624266453634414,2.2084343214465436,2.432957587143682,2.008154447466806,3.2198873673242856,33.97769354118091,17.574650089852252,24.706171069850583
2013-01,87.95216288312186,21.667322343918887,5.64765860815726,20.088033640340473,4.3476195538785785,-12.409811153487496,26.08227720892457,4.419732057018425,0.9484095574846607,1.6800063664924922,2.5070539191747065,2.7715290616222377,5.112686082929685,34.40166390414452,17.03718527856726,24.155784643838498
2013-02,96.06736743595205,22.06861895317944,5.676383378849673,20.812150883741143,3.6390679269064172,-4.058587351228886,26.39097158351095,4.879804517128557,0.9572578427026566,2.733775653865724,2.5830642730106677,2.1269501983715955,8.798122259374608,35.340489718187015,18.808886134272075,25.51838565143347
2013-03,69.93929200898745,22.395921132564073,6.245736965816274,20.766787906974304,3.8686915997518385,-12.675798967476828,24.35621787704605,4.055344624712994,0.9348130039319263,1.8946249291917983,2.4776252974534354,2.844002195768691,7.314915434861157,31.665498143402072,20.459985124463177,27.309901284710012
2013-04,88.47995344702132,21.546340791868918,5.782251764221719,20.56688892061381,3.6934109449109527,-8.538260972332349,24.709186710547396,3.8241754688017986,0.9483481446245029,2.321382720465486,2.5148386062022796,2.5625307102306825,6.316888687141114,32.42400516198408,18.928053076640552,25.023613350375467
2013-05,93.82218820428221,22.66912902604298,5.5115352882931585,19.34958940347084,3.462642551259375,-11.862125824831837,27.930829046441822,3.8762159820092092,0.9744268100269379,1.7591174136998102,2.3865956746585666,2.5566774057264334,6.802600898472058,32.950295742449626,14.528241254006357,25.83094887760368
2013-06,99.41532193811199,22.053490522060436,5.230790989473604,21.71936969006973,3.3934688525942933,-9.786028012168522,26.15485452184853,4.009059850793691,0.941463289100109,2.2951158874366273,2.3790702400864485,2.5592990996384746,6.334486114603672,33.612712208884574,18.694985050190812,26.321685647528554
2013-07,84.29403096648045,22.548485703264234,6.47414405454239,21.27990698066999,3.1334152316272847,-7.40626006809837,25.95286987358081,3.644020245945656,0.9722254644766826,1.9757537542599741,2.5697233909199033,2.9699253884720807,6.704360169141392,34.291331163108744,17.697757813679864,20.555099012681083
2013-08,93.82977021689845,23.15058327829448,6.310826870917635,20.749388906058172,3.3322352850292267,-14.081282558615305,24.28235582359396,4.71980912785075,0.9578077243897148,2.313315190163529,2.305162719357174,2.3288580392108478,4.095311034807434,31.77786195048727,21.11101893190511,24.193189626160613
2013-09,104.64035723692352,22.067158789744315,5.74761756126286,21.152585690301432,3.5952611012454794,-11.726496456466126,26.535678483150697,5.106801798978902,0.9810977530450976,2.4892497712883146,2.3604158430000357,2.4821475233434196,7.266357362734817,34.68964439190633,22.024987604930605,24.563121287362563
2013-10,100.57684017317169,22.735012285452083,6.115231244941154,20.952720231415665,3.6689144618818696,-9.571258344202844,26.562612565722763,4.215996742422877,0.9715093486111456,2.4687405543420256,2.4216466718042957,2.961185392308894,6.604202661981078,33.36007848603836,24.710063977010712,30.5901381636539
2013-11,93.05208445197412,22.59959423100382,5.982826446065999,21.139539347831633,3.9249970205476203,-11.360341112658652,27.463359104141464,4.239832444388676,0.9960594153164108,2.0069831949617862,2.3242753016521083,2.552739318012165,5.621477604490723,33.84923144688811,24.397621836438265,31.057122478356305
2013-12,86.64293099644064,21.8878887757512,5.599634116624418,19.87115625158775,4.324610935861726,-9.937477235894399,27.644307048040364,4.863390705601592,0.9286421263905523,2.0298140218736043,2.4575211298538293,2.513146640648565,6.1096100332750325,34.34086612009787,20.72857239080471,28.137394655930144
2014-01,92.33364167598808,22.507189284367723,5.955172612759827,20.040036127026603,4.2851819885998435,-12.09996442653412,25.37821998646433,4.354137900467703,0.9225824949559708,2.041401257869937,2.6077719286798273,3.099776223132574,4.9394070271721215,35.38799578633112,20.209881467122376,29.05103247065023
2014-02,89.79047559527912,22.138603072836737,5.825036109201211,21.964752290836174,4.350466272610172,-13.271672165985375,26.871257116146214,4.6112438932602915,0.949839928092204,2.2125594808680553,2.40212889438762,2.6733550653651053,4.928077036656519,34.91112791337672,25.119269513685637,21.06118164194867
2014-03,82.69164947987557,23.493035523907768,5.822457687720117,19.84951987691213,4.51393690286379,-11.897757861609186,26.334554725797467,4.246407126136403,0.9848689215332218,2.0141753657362202,2.490812699294879,2.5330241302940286,6.40181420738317,33.214823909112795,20.139012836037914,29.334231934315
2014-04,95.24680168826956,22.162831630523872,5.686140094187874,21.663581435120303,4.192096797162928,-2.6369763083021187,26.193153120178682,4.931129652829326,0.9360955659319478,2.247057713581726,2.4103744267333034,2.4698694505940497,7.423469632304637,34.06313896323874,22.251607319721867,27.793102885806082
2014-05,93.91479312893969,23.416703379354605,5.597916230490676,21.886915184008814,3.866206322287241,-8.225439111687098,24.097008291876342,4.251705707763367,0.9584060408807976,2.3676155358077615,2.468955667100659,2.777158982721084,7.038493123198279,33.98932666997755,22.101496641138496,24.502031777584957
2014-06,96.0627166102638,22.696613527984375,6.1910075230504615,20.697173400646303,4.086375528866003,2.5762450882485517,27.452780502545647,4.4069412595877555,0.9485782520187004,2.688571222252462,2.3764940386913738,2.7031665199845114,6.8157567513144866,34.0015458665285,20.860803359170067,24.496779839410337
2014-07,95.87222672447498,22.84699137737868,5.951568720044071,20.98606422855863,4.353822409899357,-3.2325757519506952,28.073332732692425,4.50255695151847,0.9783966604520242,2.098680632512964,2.618211818969373,2.6934361096376196,6.528983206758255,33.93093598457785,21.41291387418837,29.403027624278035
2014-08,80.04583706795262,23.020204740606623,5.57890259583383,21.400607666075178,3.9794337355260443,-11.65168644212193,27.4243955766354,4.7357246162268885,0.9748826689262584,2.4830556465962013,2.607232817981204,2.652800296178522,6.3852620408317,35.07951641406171,18.478292380476425,26.191385348138454
2014-09,98.69034025444931,22.86368357891442,6.399895050420603,20.96922353392222,3.952511463552041,-6.481322433315615,26.617613966544553,4.516688195693711,0.9659901371214435,2.1790384633920965,2.397332106522715,2.657771856428428,8.414402942335027,37.48881308678326,20.188844207158127,23.769402922463225
2014-10,94.93824934319272,22.138548378238706,6.8537426306816265,22.14111630041066,4.193560293661039,-8.019547063321804,28.562726549406282,4.380044646425151,1.0021992620405857,2.8703836947165358,2.4165100004978597,2.3941632513650397,7.3641085227135115,33.03756568446627,18.204225539436916,26.533497469255384
2014-11,98.26166414943218,22.337334862533936,6.115977573750748,21.326783744360842,4.285249493122578,-5.779950003713267,28.05869656360948,4.874659384618388,1.0074536487756465,2.365822674852101,2.4109845114845014,2.965147801639615,7.500587799903794,33.47397514065693,18.735516957834243,28.04169425355439
2014-12,104.54241751362778,22.480537064519236,6.251781540270159,23.594053810172905,4.483741339414424,-2.323827881715185,27.92985687108553,5.014253681106939,1.004970031870736,2.16100880692278,2.6664039078113837,2.719740651625932,8.567022469930244,35.554298935466846,17.835815938977383,28.16697080395606
2015-01,100.35166308966569,22.263851366736947,5.501365146547043,22.55163165745026,4.548433996520406,-7.257077443660175,27.49567042129359,4.949917741136427,0.9547944853329994,2.3799179600635956,2.4927647397690307,2.5141494196741743,6.826021428308748,36.14988765519496,21.286579124842834,29.956586647869266
2015-02,84.75558414534495,22.135382171575355,5.580519321009543,21.3984536165633,4.05701546538894,-3.9751310464078373,28.374256414415832,4.866408880126796,0.9738265222855125,2.2970477534368827,2.605310041171224,3.1365611576304184,9.736384106969254,33.42637939521859,24.34331493500838,27.31098721323161
2015-03,91.94644170530856,22.730349058319494,6.314896321714852,23.801012468042384,3.952264280945367,-5.0684241065948195,25.809947266595852,5.328706062129149,0.9652678334855351,2.4624828364129403,2.6093163827845762,2.322158944508189,8.346214694602113,33.17581212729492,15.17363260296099,26.877535647695826
2015-04,95.49897488466792,22.78827758282011,6.006337166012977,23.1894713755838,3.9560194399046362,-13.907499598444641,27.321186057583088,4.830913410623944,0.9793177557265201,2.049058576931247,2.500495994288936,2.652680233789914,6.127217263534067,37.12153139312308,22.449770869385034,27.079832562285347
2015-05,110.15077357425406,23.399535561122836,5.825670558514463,21.96435667487897,4.719497131317349,-4.1445075188826985,27.124327593248662,4.188455485187131,1.034290130265698,2.664559305222616,2.4117967373268296,2.8378921224325366,7.6403130574934615,37.43600002514023,21.420382528810972,23.924723116940076
2015-06,107.11475483428048,22.638970499768515,6.342357616081489,23.245543801505693,4.643547158048717,-6.423449894559292,27.347402162892248,4.770623620095386,0.9498366628520246,2.369639840256679,2.5333611351838847,2.7700284727684483,8.083914780721999,34.17772926128428,23.25765527662752,26.95138899819429
2015-07,112.55688363334846,22.279394317973733,6.304567498829269,21.68975847736596,3.9445371084200804,-3.643278529251352,28.564771601590028,5.000503100775253,0.9898116579397432,2.249362894716602,2.4583940080248086,2.459511084659356,8.397318920605372,34.959497169882056,21.752009201246953,26.473295778759482
2015-08,114.21399607979694,22.386714260308647,5.615965941258778,22.09924610054571,4.3518514698319315,-7.547643812591177,29.30763925189762,5.051224835068167,1.007606684342176,2.0165098530607626,2.7182884513602725,3.030205659211974,7.1700677730178,35.65012550050335,22.959095825841345,31.071632178711468
2015-09,106.8865447106737,22.47785089187018,5.924360144071848,21.650657663914004,4.42846926506238,-3.0193421563464202,26.698476192188306,4.8633765128967426,0.9857875480244754,2.4571992120122927,2.367688284000764,2.8294458936445155,5.664585819019828,37.135546073860375,20.084844622593923,30.05029327018569
2015-10,99.00453971303916,23.594699200270902,6.644492434978705,21.535094035087326,4.45352709986326,-3.043058229214898,24.66570943590557,4.869394208321246,0.9583032319449731,2.5406171178845987,2.685128274950668,2.596655097678279,9.632335139729484,35.37912659342719,23.04837119338708,31.768392779771997
2015-11,94.39084711716731,23.687617180304475,6.9381681067473435,22.584784098263164,4.8238035456848,-4.143127659965791,27.189312009168226,4.837615624577779,1.0048890425859618,2.29629278254613,2.6553651467656962,3.2231015945788624,7.05423694292191,36.63459750150888,24.700521520572213,25.457142500059255
2015-12,105.16508413404392,23.94040619892874,6.788504603194557,22.991089602135407,4.300093992448415,-8.566234962789558,26.193323464815045,5.077814428240154,1.0412504459895788,3.1123543837493286,2.3767824222009946,3.305779993487113,10.219338406189324,35.880466844948984,19.99176692392761,32.05327441605062
2016-01,97.47266073264122,22.48316252310354,7.026529745373942,22.63353138997657,4.013955394234811,-3.444881558518568,28.084319768315044,4.992159404112628,1.0363501503830015,2.5034210183887784,2.4412165898490623,2.849777673251527,9.206332496674182,34.11790044343328,24.224586290913027,31.66039501212127
2016-02,105.5526262947095,22.818958383222274,6.462306751890664,21.294921225029583,4.784755085067356,-1.0685805587513286,28.556331437241884,5.302305936311159,1.053045505831309,2.1012562178247904,2.5168933618673086,3.0464734226070775,10.286834295881414,36.7493634261311,26.917567263268136,29.221384756756176
2016-03,96.17839415920321,23.813148339883774,6.730160760848938,22.781772164726068,4.820546131295217,-3.877040154778805,25.820374128630228,5.365974003075737,0.9744749048865357,2.6145362853443275,2.5810584724279284,3.1279117711534203,7.82541698738849,36.30446639574934,22.878359918437095,32.91129204656924
2016-04,119.60224188140316,23.59509953285064,6.232124905770849,22.05247771836464,4.462068071571889,-7.227994846930712,29.084057360662037,5.69935944805868,1.0689470910100725,2.1743181949915558,2.5145612275232803,2.4888976435880585,7.203604429765993,36.16037373949442,23.917957446475437,27.70844032135969
2016-05,117.51748390064603,23.206802015423314,6.737616744170309,21.85335530762307,4.666792717570141,0.13709284671069266,26.517532363443244,5.920156948095054,0.9785050269137567,2.713922364043211,2.5345903579362226,3.3376887958185133,10.992842406494516,33.70777350130487,23.273158310008395,33.0688879366598
2016-06,112.95961335621999,23.60989553066549,6.631282095918579,23.49165486937549,4.03660570116061,-6.373661440617128,28.604358884522213,5.224120858883504,1.0427829068529333,2.7912617162455904,2.4616323508326845,3.3139411611738137,7.420059800036746,37.147892799574265,25.70504126173651,31.84449300862284
2016-07,115.83557805552785,23.13874772886048,6.9539450392193425,22.08518852405344,4.537916841437483,-5.3918115077277005,26.792732611050265,4.562833155193987,1.0031722581288425,3.3039588409630136,2.752258617788666,3.131637417914558,9.886016754456827,37.80604704434352,28.441700214038057,31.012408109837466
2016-08,96.55918682012253,22.56022882342872,6.928130763692358,23.037911126991137,4.299686393448423,-3.7440472711176787,26.84073735612172,4.5585430667602695,1.0182449058957772,2.674291754384829,2.5470477544960044,3.0861418657134587,8.267393718324934,36.084949069930076,23.240652163777415,32.86289763018696
2016-09,113.64963533530714,23.114248480787598,6.715858229223787,21.604326609312903,4.635849529689339,-5.825517631052984,26.98260328252534,6.414058914213099,1.006808017401223,2.6907130436754287,2.6399482388493287,2.8604916235323716,7.710385561003765,36.160184743501524,27.641493241242085,30.943502289069155
2016-10,114.01834663859734,23.318059504608062,6.758977030265079,23.347695839993335,4.387914987511129,0.3168518429505802,29.154579622489123,5.1884410908258305,1.0327858610690797,2.4959672324674247,2.5208744922613904,2.737010265080643,9.144016057099474,35.14023113866128,23.57615600084007,29.766697545954575
2016-11,119.35770050215842,23.560170976290358,6.487944714533663,22.003800665887262,4.538329218844035,-3.186629643151888,30.380034500081365,5.333078227633855,0.9858394579382194,2.6904722876203806,2.4666862392696984,3.0590908271381108,7.036361500363372,34.86635450357925,24.641012976647335,31.59680486570748
2016-12,116.32565331311149,23.46807984932435,6.1995630333309935,22.040153758087023,4.348484315978633,-8.117554431504237,29.472132700951725,5.543580166874368,1.0344105018313021,3.055988782496938,2.6047128827376236,3.0645468941706873,8.499192326425625,35.22194547886141,25.274954493179877,31.684733267608735
2017-01,103.96876545454212,23.489593301967812,6.646761027364023,22.394239499115177,4.726678286336318,-1.539253635338753,28.10516626716712,5.297123591963686,1.059330468583656,2.623197931080307,2.656194978456136,2.897947063912778,9.182836770875362,37.083021042730905,27.35096061244896,27.080988877381373
2017-02,117.09300206604888,23.15412978566347,6.931940536789644,23.09909090776022,4.558472962349731,1.010929297779645,29.814651799031626,5.028253821397808,1.0417105123619008,2.8233865384931813,2.649051017957605,3.2632953485183163,8.753764927170181,35.96451499462945,24.535973377072903,28.2781034491543
2017-03,102.40759459745293,22.85595138580673,6.9947952806928715,23.080700364209726,4.968324105303508,1.6774591022394194,29.172403236656876,6.2983017590259704,1.0629699788497597,2.793386386219506,2.695138807329972,3.5252016557845405,10.430487861276777,36.512962508372865,27.325513687744603,33.16719835423704
2017-04,111.03813457307172,24.06940238818858,6.888561205280149,22.30277092208498,4.753408222385198,-2.7666727832891547,29.11537918652245,5.555428275368141,1.0268543294903187,2.7973364845057054,2.5050778062050916,3.5838828484584657,6.507935017863891,37.15009684538214,23.52317761883154,31.54616364786374
2017-05,112.41758212176764,23.03670012416388,6.555216161702281,23.08850954324685,4.814814286161751,-3.4699169200789317,27.856490654616678,4.997690166928634,1.060662789043495,2.880284914627346,2.631889117567455,2.8610673916102054,7.632476263689518,38.37295205542301,26.58918682787834,30.261431688056895
2017-06,108.15782295342943,23.786094808063304,6.842593199165732,22.336777973586262,4.935252144215571,-3.83092156587748,30.9368317142285,5.382924618702113,1.0906464279327546,2.9588949714749697,2.6959210470218484,3.140803203751444,10.543149370292241,36.97853261603516,27.755433659857545,31.592840444044516
2017-07,106.84617777651603,23.453331505514914,6.621026706392612,22.29624483294233,4.645355546706071,-0.3639479353868045,32.40392489818348,6.276513700316328,1.0110240301083935,2.8487893405464435,2.5317828413277566,3.2684365719937354,8.508048666706472,38.88105308893415,23.898412757936555,36.617910871104634
2017-08,100.89350235708933,23.598731734256305,6.943476029473751,22.643727921742027,4.290527362902285,-4.6427108290983305,28.114860006466277,5.927175284136701,1.127669405145072,2.905670401689893,2.603406588271221,2.8827765983457767,9.15521420616441,41.081519045930975,26.418983494448312,32.36652337979661
2017-09,110.84506077376962,23.117405926616673,6.889525507094898,22.447756482290416,5.366850472742675,-3.4347311133765204,28.927393615934378,5.859632305901145,1.0770139880307872,2.8346186999226353,2.5788527649175887,3.0522697460969472,10.481725973648588,39.0997578307763,23.757383132094507,31.115997345274458
2017-10,106.95840617142323,23.88995781117803,6.775668821864448,23.63390714556489,5.042179414037654,-3.859925378173769,28.520069323664938,5.346857510742262,1.0566161316665663,2.757043254483054,2.7281842404786736,2.8378865190674594,7.842758764064023,39.093457234474116,26.1035789862568,31.36522550189524
2017-11,107.5119103414408,24.618052729393064,6.353270772103331,23.301295452949848,4.578177646482088,-4.510594004889684,31.324518710556323,5.155845104072124,1.0422105961886183,2.9780276847120857,2.75105425359093,3.2363411052311983,10.264868428528505,37.635022791331984,24.25108595950602,35.30652599333958
2017-12,105.35237250895435,23.612561553578654,6.471768946779411,23.648194151158744,5.098695750139276,-0.1630133265943956,28.432100594900408,5.661729346389759,1.0502981599485877,3.106571505072125,2.6933389850041585,3.3214192740844957,9.75189822451058,37.36936746344443,22.81881343488551,36.45330846712501
2018-01,108.13404947663204,23.69821332454561,7.755008086956372,22.540742268732355,4.877477843764477,-0.13926784836271722,29.236155511401936,6.252680784850535,1.043165070529325,2.6407471421923447,2.68050440199438,2.574937947842402,8.438721904370343,38.38851879399338,26.45442746410652,30.332737247367003
2018-02,112.73375847008174,24.325417475660938,6.849935376351417,23.937620377020725,4.687940002440729,-4.83106335698612,28.181812218561127,5.856651553087579,1.0713005285404829,2.9755073226128395,2.352456543939686,3.407663472343006,10.400822190003982,37.61293142938306,24.352818319498756,34.1706278144109
2018-03,97.66945157901702,23.5397524726023,7.324514138267452,22.060266073548227,5.353490317648004,-4.522506507748409,30.316228413068377,5.399349751938034,1.0826361157810318,2.8064932275479246,2.6192975405363064,3.312183253201992,9.512817888808767,36.901738012552684,24.99428561588801,33.430141794166445
2018-04,115.0624991133695,23.958089725500855,6.981924785230524,24.776438173592275,4.721549538709959,-1.7397944435614108,30.894133143039078,5.684623596923444,1.1082218133873676,2.905730618619631,2.716619696260805,3.0891267552891364,11.16278547295181,37.4105886617435,25.540077342784798,33.162182986413555
2018-05,124.37660121928042,24.431903653568874,6.647254868033356,23.73387974306656,5.745715580046278,-0.3674343639880324,29.663441528479666,6.244059029173587,1.0452883464419145,3.2862133487197767,2.683157944627848,3.677450913631376,9.200812145151744,36.69150878023726,25.692567993987566,27.563077240023365
2018-06,106.13451876383843,24.166542524746458,6.948946570667274,21.66158075653567,4.855072681128061,-0.8672392624743919,30.898564787261574,6.118241606978052,1.100322681309958,2.9676134276472,2.8827749370741858,3.5498457449465004,10.438781558846966,38.576186944674895,25.84184232361993,29.78838607042338
2018-07,118.53986060956358,23.461368906700294,7.024716009278292,24.634759494990217,5.165705949499956,3.7749005846056645,29.400555097452976,5.630745531658497,1.0721308160152134,3.05358632192565,2.6810912983613076,3.1629397294062715,11.280032521899257,39.11111285850768,25.9517547925975,37.30026376348533
2018-08,112.83794806626445,23.675625369773375,7.265912667901537,24.007867532691243,5.191592830798109,2.0437807448221355,29.07513432653883,4.871923073465193,1.0404218781874905,3.4142201783330934,2.663768544878474,3.166770835953552,11.394384871842373,38.52230567271699,28.955675478011223,36.319877161207934
2018-09,121.41438519948088,23.502009193332118,6.913962916753256,24.713299857912194,5.285723624018487,1.7408612331069713,32.32257298046741,6.190278580922326,1.0758018842121242,2.916027938238821,2.632310580509223,3.1773789023388104,12.299730561460372,36.58308431574141,24.268304581171318,31.081408321354893
2018-10,116.19263100289663,24.080306222784884,6.673718192402097,22.98029193961479,5.220825323656243,3.4015162286019502,30.511094590639956,6.049703710047019,1.0776211126234145,3.026882370168034,2.7646664028752967,3.3039957406307936,12.097749319899656,38.56967349618325,25.451825120004255,35.57872496614052
2018-11,123.44547468291569,24.887461961951907,7.474578444640245,24.148686930207337,4.786515264293778,3.064020602223098,31.777742815959826,5.4823901859199395,1.0733734253210856,3.18636279347591,2.7276003966703466,3.4267246578590944,11.17216751479825,37.05123640093238,27.93641074071396,34.51634621462399
2018-12,111.0812929630525,23.686593411231417,7.086457003885348,23.57825258031096,4.730853167065846,1.519149711074948,30.84971865684471,6.027371227217649,1.055570470867577,3.224313998360584,2.6182953364639427,3.323845042892907,9.990187398872255,37.626840639489444,31.35650283352544,37.20345681653308
2019-01,127.27678612591666,23.69215536692325,6.899040538454208,24.4747304624305,4.953435818683003,-4.226189702898351,30.444246234002122,5.81561833344601,1.0757585316464313,2.815078617902888,2.7978744002086264,2.915585356345031,7.8046492392316145,37.02213014667805,28.52227303185436,36.363420543751744
2019-02,111.14859808947683,23.786257293397146,7.6123996983622275,24.105403660526243,5.50320803846015,-1.871777066618319,29.06975632355114,5.930006947710721,1.0729351979132642,2.8226078820978393,2.810465095006349,3.3870389580023827,10.161778600539238,38.710342117198664,26.407601943582442,31.03987052076241
2019-03,137.69659560755426,24.805104399969032,6.584928992198076,24.3165257646181,5.859321758503639,0.6201382831309235,29.543203798388948,6.073932859006041,1.0561266406372378,3.005226385478707,2.7312340914809767,3.4110371835489453,9.83793426608839,40.50150025197375,29.505586044892034,37.48354854011163
2019-04,118.57880802456766,24.452663996130685,7.0798516305184656,23.48210976428114,5.037914613042301,-0.7411073015943124,31.122292809082236,5.953711865270302,1.0686183209059426,2.855632716864492,2.8884158186942086,3.4217580956179074,10.363414477430744,37.68693418358449,28.022815564763928,37.06584854221279
2019-05,102.74666458414652,25.269655208425842,7.013966145920205,24.509439966602592,5.567578065718831,1.1405527412139886,31.21046936883703,6.023641079492882,1.079695034167064,3.4534629426175267,2.798175607277522,2.963096128853919,7.89829949922478,38.295473633465676,22.937628272991358,33.42218443863907
2019-06,130.51940002038634,23.653625800849632,7.4311135075862795,23.864617047664165,4.905348288054011,6.131207896368233,33.601106388291505,5.931973970652513,1.0973181972822297,2.63568911030384,2.7655394459137854,3.523199715382437,10.664529710504295,38.25011397049534,24.0400358262365,33.53995346349666
2019-07,112.38999927235032,23.734589228975178,7.767425976146398,23.381033347611293,5.226228727745966,2.3688538164064603,31.21629134998819,5.84256759707747,1.0907065615689702,3.1936444847494774,2.683762161774559,3.1770851877022284,11.788528449511002,36.62741400770967,32.40329496444131,35.878087659321885
2019-08,132.55884464134783,24.359217244179383,6.932142445982607,23.260035372418468,5.4805845829411215,3.0747852854147206,31.68699382496845,5.893878432435227,1.0750243012685217,3.278060473054174,2.7204091124484364,3.513669752656421,9.542949060850209,37.05995626535422,26.641058308374163,32.31343848096409
2019-09,134.9863416382515,24.194962476097796,7.508827803109336,26.793795429253688,5.316052281959295,3.194273804755589,32.64805042455046,6.30283094592396,1.062633995275973,3.3404917605104254,2.7350740496729893,3.0404367180903025,9.783055366017436,38.78078506327501,28.243887871535858,37.13900004103551
2019-10,118.36451641885671,25.865473508956025,7.29416195918441,24.429918168998952,5.6237013946265915,2.8441015712577116,30.24145980116313,5.5167312446726635,1.0832090102018535,3.3492742013561103,2.6330805603610776,3.401133539634451,11.6442274440672,38.18711420796304,28.775319622397483,37.59230345138687
2019-11,121.0327095207868,24.852431757037262,6.585369702354779,23.703331797623818,5.547540326491263,0.06868198593186792,33.32682506407891,5.649958664884134,1.034997729684498,2.866215916105199,2.6341320238445305,3.6606802232442086,13.246788870829562,41.70078292698978,28.18923362209482,35.33121926025582
2019-12,107.78682954520625,24.28587163466793,7.413264817745236,24.675297994453793,5.1556617524133825,1.1032815654386883,32.37609591299152,5.807854266592078,1.0632049978503608,3.0698344201410723,2.663779010086862,3.461301138707244,12.946324342627193,39.64066874615966,25.20886243323175,35.47837307579324
2020-01,122.2203931047917,24.0205396107084,7.452574495994791,23.2794349944197,5.752185033785357,4.710131842930441,32.616401133439766,6.193190701240675,1.1246677386002668,2.9296997754049485,2.6820744433576613,3.5935242780740357,11.745630579787116,40.21734515035453,30.005393697744324,37.531580200391694
2020-02,129.43858385775417,24.889134753643795,7.654672068871648,25.22091939831046,5.892472583810398,0.7588308477949806,34.27963768622781,6.240299118808775,1.1294048494040174,2.803067098227939,2.7893213277284845,3.539724018916639,9.975075402425146,39.079637534416584,29.548086826550886,37.99006630351456
2020-03,110.97608233733553,24.598191193303137,6.984561653681192,24.85724739512865,5.4812331180518505,2.648384108814759,31.04787106947812,5.717527861780995,1.1134576246903198,3.1831503704736557,2.9439557420603713,3.6551570595080065,13.703383744713735,39.77558025957673,28.350678129561725,40.77877530710916
2020-04,105.40002814104254,24.649100068068776,7.534791359770663,24.95519163812792,4.8634024438219,1.9173378984469398,32.103850573595736,6.327453942938451,1.0900489038874603,3.3908208341274566,2.7798314200782612,4.046681387853234,12.248290796500077,39.00210201938566,28.16968407995762,36.8340013047252
2020-05,121.32898190753042,23.95328405970395,6.9297480448499815,23.99085975898825,5.7070486500856745,5.5794347052879445,29.6235859592537,6.198480987556202,1.0712502531143853,3.2834673863265196,2.8609439095258344,4.12757013898584,11.984008907641199,38.77199873563624,27.654799271461933,36.29711796268005
2020-06,119.4679078676169,23.617293048148717,7.3153915892343075,25.2658932155847,5.0841143081865825,0.8474783567517794,30.428034522415327,6.663012516410847,1.112614109264728,3.0900475103375054,2.6649592792835723,3.5764602749083383,13.009056376812424,41.40196913788167,31.085713196787136,38.294944467958686
2020-07,125.81337582263166,24.692561607790456,7.2543963100022575,25.384768173641906,5.92526480101154,3.2702937425172025,32.16310632250037,6.305205324655313,1.1097036591311844,3.4848180938408153,2.8709393485489354,3.7654031615878707,14.824761638840794,41.63484463488925,31.15721061283623,37.008865514057824
2020-08,115.16471092077819,24.82624691876936,7.231879763572866,23.885019819214083,5.15985679231717,3.768252998372283,31.50672703098363,6.885978286332114,1.0964768411469938,3.590973178082487,2.965680134811796,4.184735350327228,11.322464832206558,40.68905564928921,28.588694405853342,36.78387123411641
2020-09,125.39850014063158,24.803613843001074,7.334520295137984,25.19259772730793,5.361738025358987,1.6338281391048746,30.94094173132848,6.342630067153516,1.1028826595884385,3.3085447107145396,2.8556491694335002,3.809537632229946,11.552619100388334,40.71058988097887,28.607975709505148,37.08740497635166
2020-10,104.55358498529098,25.03505375796261,7.763633793949831,25.0352871258499,5.4757442237106355,-2.561445418026522,32.422061349216555,6.12773346060921,1.0847733660306014,3.3013095661501897,2.8873644145492707,3.320325039640047,14.61351671875335,38.34534839541348,27.70645266959873,41.9773485884666
2020-11,132.4844782350501,24.418146580582462,7.706990458158821,25.570770359445085,5.405558854169097,1.9293892663625472,32.5452035798534,6.160429935574819,1.1339197552488298,3.593677347618637,2.7982390532320394,3.4769605761492985,12.455651143368529,39.37657512925752,29.247380943233246,40.47042118647342
2020-12,120.52755291423867,25.616837659901172,7.238690722452635,23.75236814567725,5.1240940864724385,3.7731156063817757,30.98283336180542,6.502758914943169,1.1483333017715736,3.5026934022768668,2.969671958095813,3.2362849053540694,11.9352485076388,37.666049439203995,34.24999881924928,36.31640453465503
2021-01,126.56683659824596,24.829386414893925,7.382627454259551,24.63018797159,5.856527258275802,3.2702145749816127,30.461166352395505,6.814318463086385,1.1240417839795593,3.5568451754916164,2.9107882521219626,3.6141489925638353,13.62683147320831,41.06734476636028,34.3350378220565,37.216629989342664
2021-02,139.62767570376926,24.375533686009135,7.256281005584102,24.862267177488047,5.172061850365461,2.9872431757133517,31.618580274872983,6.8166379960277315,1.10957475058503,3.1102966177776867,2.798723652164732,3.910384377338119,13.57490709303352,39.3842940893269,30.86991501460749,35.60480769922811
2021-03,138.77479502668672,24.52755168278018,7.212258807594633,24.883276232663647,5.518306006826399,3.9703731971406326,32.17735632928033,6.150625005527257,1.048506721209268,3.342644750044604,2.8328580584611056,3.6333193438242715,11.732973937458882,40.57279917527426,28.636340359068114,37.34972509599795
2021-04,138.00382718141142,25.292813172409822,7.037932512519808,24.582355949718757,5.717349574159462,3.2691548060602855,32.079100885914855,5.925354918246068,1.1285116953111016,3.606930346691084,2.904656480341555,4.4550536623023005,13.931563629388448,40.06500102677146,30.31385296840174,36.887428147016514
2021-05,137.15405708308109,25.060557597313142,8.133306787287246,25.66772784709372,5.586357041894875,4.589566957333423,31.414955742130214,6.7795269041046184,1.1362189399924918,3.8075642259447853,2.838944479618044,3.7483121124363734,13.983583335605541,40.234890323166674,26.957230275878352,38.62747014371882
2021-06,144.11551493573296,24.465393253614966,7.590386301487493,25.876297379051262,5.287432959727299,7.055981713228997,31.887932268092285,6.953056251004242,1.1279705219303817,3.122966830236185,2.835200375279765,3.827329206214837,11.165720927809259,39.67840590822062,33.17463179381352,44.81117128502249
2021-07,135.92328634256958,25.18579197343249,7.539404555292161,26.467821190226168,5.474231841027224,6.446056044200373,35.09141586114113,6.219955413694238,1.1406796142874316,3.2174271081272963,2.793485637103505,3.7034895236884493,14.15433339388742,37.83502221832207,29.00018375778382,37.2865659138209
2021-08,140.93321987916548,25.53230656783584,7.667945306346027,26.17415526128624,6.211016694219656,7.085578782388826,34.790677425295364,7.205285575046445,1.1301858852204916,3.155564577600267,2.7957928977346382,3.780293529385668,11.281120642305495,41.72340600835584,29.917685581318114,37.90471857116348
2021-09,135.9127046135266,24.694982159153394,8.36486213025898,25.454241359390128,5.088918226269371,8.280378580778367,32.15523694701088,7.179056565033122,1.1238833524432479,3.4864810589054565,2.7925670161996874,3.6976362520808705,14.45437712907436,38.80600646736971,33.98354031926984,37.909988403657735
2021-10,124.01445986483732,23.7478863087519,7.344810260606919,24.831005808524512,5.91047315488567,5.485116180645814,32.066532396654466,6.378390478198656,1.1508087299353675,3.414781725740034,2.769396377466701,4.0518306365797,15.469717697839819,41.35544942670992,27.47148115225714,36.24954581867207
2021-11,146.33829602426127,25.602914102406142,7.547968583756676,26.35685256672829,5.885560800772234,5.738574674016776,32.156291494434846,6.85091284232543,1.14877305914414,3.383184225271436,2.9250250496516275,4.44402108895759,13.45908948912859,40.171383388635,30.243262433327427,42.3548515725753
2021-12,125.30875964519154,25.552888187747868,8.315934213444017,23.696914342708048,5.734207090556311,9.611855321389903,32.174627449278574,6.530951776353857,1.1128038616425613,3.238537275241006,2.825167842486051,4.0328672171966895,12.765877120838928,39.65458924919106,29.874837325279223,43.49410394320401
2022-01,139.4930079276428,24.652812808491046,7.460600504354621,25.629788154992696,5.764303623582394,9.17661502720798,34.11361992578348,6.8082842115043825,1.113052959729321,3.9089913479955767,2.8759048138906844,3.9496727637024174,13.086818903225643,43.20045470400918,30.92796857906696,40.138025349354116
2022-02,131.1816669785407,25.03555195319851,7.903800240895499,25.26630061956607,6.071854280134276,0.5588245286323534,32.308205722731444,7.404061911294968,1.1462855920147696,3.0499959091012987,2.8715728907500693,4.300284027967333,12.9294547108833,41.69427743373289,30.413691336308922,35.98239390016074
2022-03,120.9313570685204,24.83903666704224,7.623484320673309,26.645375858755415,5.728285374552319,3.947304429135803,33.26505044052192,6.197314652694773,1.1179145638269439,3.6483683145370334,2.8891213629238197,4.082815055224131,12.00756450307785,41.75471517787155,35.11092811931934,38.26503263136182
2022-04,148.14806726012824,24.060926255704125,7.68638277728172,25.17505258798636,6.177496355214343,7.868301335826631,32.34810701772163,6.776899960762517,1.1750743252670566,3.3331520549723157,2.955575768820999,3.8918865500457676,16.821069271100377,38.311397376014405,27.926708158367518,42.00951109403759
2022-05,129.1891334239312,25.39426657582726,7.541589103933363,24.845595300509547,6.2529798627176625,3.362578672089128,32.0280932909284,7.250703698301274,1.1365783350710434,3.9628581517522297,2.9023282195744504,3.615083012139522,14.12645943960187,40.84827699151564,37.028009513230664,40.207687000266475
2022-06,134.16707527533126,25.37322504473587,8.080035545003721,24.579695653748725,5.057678627497031,7.5383169191762,34.07512562511965,6.174524125809376,1.1000302014382888,3.4671117233963265,2.703412899019467,3.4707263312745202,14.45901274162141,41.469290798610146,35.7495757422268,41.74643569457738
2022-07,131.97822812969602,25.62876763724366,7.971740565732085,27.336551913323003,5.573113410290969,8.94915481736788,31.382827365406765,6.551247531000716,1.143691831201848,3.9202791850567786,2.8868889582366286,3.9010399090813515,12.556047451602648,40.277283656922016,35.86904722189702,41.20755396853668
2022-08,129.48860878971092,25.670429934252482,7.660666259825,26.18001079363687,6.015397044256224,4.828986337673927,34.218882771309694,8.096065052393756,1.1999268437824582,3.3982880762804535,2.781713390454599,3.841263941828286,13.89634143252574,39.23312133068372,30.88804733758319,40.47540217826874
2022-09,140.05308839436995,26.079334217186986,8.268936281721855,25.780735208870205,6.307689336485828,10.40309860267003,32.29723474043631,6.786781545933581,1.079680124383542,3.8555496429823264,3.0143569298053046,4.231192943198745,15.267678602974101,42.234976643596234,32.39187548026224,41.43060613651357
2022-10,139.77855880104156,25.27077147477259,8.73236867925477,26.457876472343226,6.034495823174075,11.447267566170929,33.24678923782651,7.0050196838096195,1.161124533721857,3.555425515281462,2.9740429189279225,4.488640510464919,12.690041610759605,40.80599764863754,29.62944362101944,39.86832176969566
2022-11,133.25450120264196,26.62569573091751,8.122830194305987,26.902087373944205,6.140271598082705,9.033829808911182,32.18180738331825,6.429730912542601,1.1802944153662545,3.682795261040059,3.0370575313956065,4.336603045312485,15.204121993558164,43.30972542263337,33.762116651051834,39.176817337134885
2022-12,127.25736983257137,25.129635303516082,7.666215184598715,25.174171832268105,6.062515154976423,13.804823203835351,29.593382252518573,7.267677369493369,1.176815596131922,3.9693070422749903,2.938855826846623,4.004931185449392,14.384734066658249,40.25003316283338,32.95646109412149,40.88247137898064
2023-01,118.77266300725219,26.22236850564954,7.491762078553763,25.649003451408248,6.269999216983836,5.6992524462465095,34.09672564008935,7.250151760406735,1.2069014363959658,3.8142986890646937,3.161366126573527,4.173993397542413,14.601633066688601,40.85788818353429,33.31745880784176,41.444151856210965
2023-02,137.4284897698896,25.66754882466021,7.667538162778918,27.754326077896714,6.250942540669927,9.895771120801426,32.7420002964538,6.056015334378807,1.1356365753454019,3.6307260535712147,2.987722174244731,3.988772196438033,11.989459353734874,42.47214082307234,30.555822520880223,43.89941386005131
2023-03,137.43408092566028,25.518868493936736,8.119707843555464,26.57544803495572,6.317319954287895,6.570328890888612,32.556659255959076,6.652456298603228,1.1790263297418446,3.7295991353422213,2.9383887764379,4.711924306278051,15.928158486809165,42.1507603820151,32.376184591338685,39.88172115003279
2023-04,132.0080509308649,25.403050054954306,8.136180903445348,26.663692489012146,6.132819132549391,10.618257097589066,35.4600310904388,6.932293295300512,1.158408816775342,3.9929275014857493,3.073288774406304,3.986350514655501,14.140683340821262,42.00132185014094,32.588376631364646,43.632389339378896
2023-05,124.04545804353204,25.874617886739998,7.972497801797949,26.44009762828033,6.230289816670455,13.055195758725072,32.95836185713562,7.14283020561365,1.1852762693580126,4.081835446219328,3.0119701108763715,4.234726310666531,14.06244916373916,42.84841590899861,28.71517624589005,40.643586968831016
2023-06,147.01309207646034,24.47072298989374,8.794494717970226,26.61659517502285,6.111250892017134,8.5369252465828,33.283589939831415,6.357049913916674,1.1345875555296812,3.8947807379093686,2.919412041875647,4.10421653644992,14.12526849952489,41.509489161441834,34.15636642924299,41.562857108321026
2023-07,151.16470612692422,25.943156007078482,8.121560078131566,27.310224720876768,6.289090948562483,11.945229260375214,33.59941447157642,6.80944317899425,1.1427234871872487,3.90608322613827,2.9026211828432347,4.304694757340374,14.887911421926232,43.3502109571629,35.55543841128903,42.071253591333814
2023-08,140.10815613540927,25.29465287902606,7.731441960972487,24.53338988271924,6.511902904822157,10.995331570617383,36.20836297780113,6.017102320923726,1.1632352691624162,3.64178685398823,3.025364363503368,4.230715486592298,15.059370075826864,42.496364650122636,35.58128690197058,44.519624281511064
2023-09,128.66816110219185,25.26463110153143,7.886943196628793,25.934532626783046,6.318365327315723,16.442394946267285,32.762123114605615,6.484021713399723,1.1752567767118485,3.85748027815132,2.9943993020044877,4.2200357608824115,14.388191078102757,43.41146822044429,32.75984469660163,38.76240930236365
2023-10,149.5581031197069,25.569682904592774,8.058200639914846,27.059994655859857,6.242227485549385,4.760606029263015,32.3764335339938,6.727831009377575,1.121212717415301,3.3510556869941936,2.9953626218312714,3.8279122359697877,14.807202369559072,41.81894963845688,34.33550246110864,44.27585973079885
2023-11,143.20437408018725,26.643171585617335,7.629729245637006,26.819358711768857,6.5864257424798405,6.424226152310632,36.37325652836786,6.92200966656877,1.1951213723742775,3.973026670260289,2.991613675494052,4.3193730585919665,15.70969315006478,41.81744846847528,33.7928345436695,42.02272925933551
2023-12,142.39179320590407,25.69268871164554,8.398091894846027,27.568366039176016,5.675294514311856,9.62807842919252,36.01518328163727,6.880556392004105,1.14942786261831,3.6677893803625166,2.9698075720373827,3.9954051658149834,16.207112846312175,42.00496392866906,32.93684037949274,44.52968780261994
2024-01,144.04561561483155,25.304936828078393,8.242579619617619,26.20555921115881,5.728683274770443,8.077866517081212,34.4541404029187,6.594813082679373,1.165300382000321,3.7986992754280906,2.964128722413839,4.4819111944884,15.570444456842166,40.73989738447684,39.061900696974405,38.666141393076
2024-02,140.21720277143726,25.8147512355689,7.876156572683989,27.302173266197105,6.464589650243506,8.593298578245093,34.60563649846925,7.526600101203108,1.176765068203148,3.9619243254038694,3.148401655603877,4.516970890411247,14.765072086124581,43.97103484151194,33.21985052594638,42.69581582947745
2024-03,139.36838720017127,25.14615134797277,8.565400765061067,25.666482995684447,6.636606807997303,10.886798966694096,35.62314039078822,7.375032487085144,1.1227868709771407,3.8322716091813334,3.0311245132137525,4.847039454834797,16.28086061504833,42.00938930359293,33.16684243206463,43.157923531964904
2024-04,141.37887687896497,26.37284225375239,8.356629722300863,26.936549512143095,6.676623927814577,9.954430943932651,37.17745579392493,6.560889962796918,1.1554753953426136,4.115218408489168,3.0025051928051987,4.2076937144545425,15.260600868610124,42.68604405496102,35.017200805171555,40.298669858740375
2024-05,148.51324613901363,25.831222982936804,8.380394661569138,27.690115988120166,6.458028528358844,8.060971422432834,37.88631891117157,7.0843215367930386,1.1987423831765076,3.8105787522284023,2.947277402612184,4.423136121448655,17.22482171891329,44.93619944849228,33.03473773721645,38.451003303705626
2024-06,137.61325238388525,26.257209946599396,8.373503222347216,26.332040644097564,6.810689623136077,10.987207569635531,36.13802550436543,6.944755939150932,1.1753048273157543,3.879104085834209,3.0282058083833245,3.8564791468730104,17.03381991445187,44.05247743843699,34.23473050453984,45.74959246710932
2024-07,140.90083031439852,27.19742445610121,8.270755927106597,27.827641720997466,6.419784574415095,15.100059887146296,32.90949604983082,7.368296871643542,1.2290994621926226,3.695493950862807,3.04940048823792,4.428136134920293,17.855381617626318,42.5645465829353,33.07562612013575,44.43004791441807
2024-08,142.185059964734,27.017406491553874,8.443994072209108,27.86727431949293,6.027729738786025,10.863532899540658,35.67636021441663,6.925907535493411,1.1869004531047642,4.179034918137007,3.2222379144455178,4.665286572486396,15.697721233803858,42.4654545204065,36.56863358636284,43.82474797832706
2024-09,138.10150974539226,26.043995598335922,8.428355539005462,26.437547442741348,6.7437195173158235,8.976478556419865,35.45574142260307,6.743326683061634,1.1678682890458716,4.288757876285989,3.0298740110266213,4.51297324269085,17.171589517717802,42.36475793031527,34.82436328406449,45.374965384237626
2024-10,159.56755511653802,26.061117536624643,8.682950887387628,26.060423990767212,5.749316153836053,10.435474737530171,33.431011064537444,7.355635405824282,1.190433373683486,3.4452732658305236,3.08469989728306,4.648159246536687,15.88123132722517,44.805855339322775,34.84757750050355,42.22849171002105
2024-11,132.9230104759703,27.030829157088476,8.029666357719051,27.40370072008235,6.281644144020707,8.330249475322844,34.32650492551002,7.02408459759082,1.207211395228683,3.8161155657744974,3.032768194468339,4.496787540801389,15.884979748065438,44.88283358965486,34.543695240339055,44.556204387005664
2024-12,148.56916087090696,25.874577285143513,8.70819438202288,26.866046861521493,6.069305984847006,6.494803063325646,35.50975172402242,7.415061238522916,1.192827291917661,3.8444536023249563,2.876804547930473,4.304770615395958,14.878223722226554,45.785596148561794,40.66738300746697,47.929602540816454
